User_ID,Name,Type,Gender,AccountBalance,DOB,Email
jmagowan0,Jermaine Magowan,Client,Female,22,14/06/1997,jmagowan0@cdbaby.com
cmoules1,Clayborne Moules,Client,Male,23,27/11/1982,cmoules1@skype.com
dmeadowcraft2,Deanna Meadowcraft,Client,Female,48,15/08/2001,dmeadowcraft2@newsvine.com
sturl3,Sylvester Turl,Client,Male,47,08/06/1995,sturl3@jugem.jp
echallenor4,Emmye Challenor,Client,Female,37,04/05/1980,echallenor4@wired.com
fdignall0,Farand Dignall,Client,Female,47,21/04/1999,fdignall0@imdb.com
tstuckley1,Townie Stuckley,Client,Male,5,15/07/2006,tstuckley1@etsy.com
eshasnan2,Edgardo Shasnan,Client,Male,5,20/12/1988,eshasnan2@parallels.com
dknell3,Diane Knell,Client,Female,22,29/07/1998,dknell3@example.com
gabazi4,Garnet Abazi,Client,Female,44,24/10/1995,gabazi4@boston.com
cle5,Carolann Le Barre,Client,Female,22,27/12/1986,cle5@admin.ch
cohrtmann6,Chere Ohrtmann,Client,Female,23,18/10/1980,cohrtmann6@alibaba.com
fwellard7,Florella Wellard,Client,Male,48,09/06/1996,fwellard7@slideshare.net
tcoch8,Tiphany Coch,Client,Female,47,10/08/1983,tcoch8@si.edu
kbrugemann9,Kelci Brugemann,Client,Female,37,07/04/1998,kbrugemann9@rakuten.co.jp
headena,Hilton Eaden,Client,Male,8,21/09/1991,headena@cocolog-nifty.com
escholtisb,Eward Scholtis,Client,Male,43,23/08/2005,escholtisb@npr.org
nduignanc,Nollie Duignan,Client,Male,32,05/04/1992,nduignanc@dmoz.org
ptinmand,Parke Tinman,Client,Male,16,07/12/1990,ptinmand@ebay.co.uk
mclementele,Minette Clementel,Client,Male,5,28/11/1992,mclementele@va.gov
tbaggf,Theresita Bagg,Client,Female,8,27/09/2001,tbaggf@imageshack.us
cswatlandg,Camala Swatland,Client,Female,25,25/11/1996,cswatlandg@shop-pro.jp
awinnh,Averil Winn,Client,Male,30,19/06/1982,awinnh@gnu.org
lclampei,Lanette Clampe,Client,Female,22,09/03/2006,lclampei@joomla.org
mojojo3,Mo Jojo,Client,Male,16,27/12/1982,mojo365@joomla.org
fdugue0,Fionnula Dugue,Client,Female,35,12/29/1980,fdugue0@barnesandnoble.com
lrawood1,Lynnea Rawood,Client,Female,47,2/28/1989,lrawood1@usnews.com
hst2,Helge St Ange,Client,Female,43,08/03/1995,hst2@yahoo.co.jp
dsemmence3,Demetre Semmence,Client,Male,37,1/26/2010,dsemmence3@soup.io
kpearse4,Karrie Pearse,Client,Female,18,11/25/1978,kpearse4@symantec.com
msurgenor5,Michaelina Surgenor,Client,Female,45,5/28/1982,msurgenor5@skyrock.com
cwhittuck6,Charmane Whittuck,Client,Female,30,08/11/1996,cwhittuck6@twitter.com
rland7,Raffarty Land,Client,Male,3,6/18/1996,rland7@webs.com
hdabes8,Howie Dabes,Client,Male,49,1/13/1997,hdabes8@chron.com
ahaggart9,Adelaida Haggart,Client,Female,50,8/17/2008,ahaggart9@npr.org
kwateridgea,Katha Wateridge,Client,Female,26,08/11/1983,kwateridgea@java.com
mmattingsonb,Mick Mattingson,Client,Male,45,07/12/2007,mmattingsonb@discovery.com
ljosskovizc,Ludvig Josskoviz,Client,Male,6,02/08/1998,ljosskovizc@soup.io
aleftwichd,Arleen Leftwich,Client,Female,9,3/26/2008,aleftwichd@fema.gov
tlestrangee,Thornie Lestrange,Client,Male,22,1/26/1997,tlestrangee@wufoo.com
jyoutheadf,Joeann Youthead,Client,Female,45,03/01/2010,jyoutheadf@unblog.fr
aabramovicig,Amii Abramovici,Client,Female,28,12/21/1987,aabramovicig@ucoz.com
gmacnallyh,Georgina MacNally,Client,Female,43,08/06/2000,gmacnallyh@google.co.jp
lbohjei,Leo Bohje,Client,Male,48,11/06/1989,lbohjei@paypal.com
bhinkesj,Barbie Hinkes,Client,Female,33,7/18/2007,bhinkesj@homestead.com
acrimk,Abram Crim,Client,Male,6,3/26/1980,acrimk@comcast.net
chonschl,Chuck Honsch,Client,Male,43,02/08/1997,chonschl@squarespace.com
jservantm,Jose Servant,Client,Male,3,05/03/1987,jservantm@nsw.gov.au
rnorthbridgen,Renato Northbridge,Client,Male,29,06/01/1997,rnorthbridgen@tiny.cc
rearwickero,Rubin Earwicker,Client,Male,16,10/06/2002,rearwickero@japanpost.jp
bmacgrayp,Barnaby MacGray,Client,Male,36,03/01/1998,bmacgrayp@altervista.org
jlindemannq,Joane Lindemann,Client,Female,6,09/03/1985,jlindemannq@qq.com
hfendlowr,Hewitt Fendlow,Client,Male,17,7/31/1995,hfendlowr@rakuten.co.jp
ksevernss,Krista Severns,Client,Female,4,4/25/1990,ksevernss@dyndns.org
aprobbint,Aida Probbin,Client,Female,8,09/12/1978,aprobbint@mlb.com
gtrussu,Gustavus Truss,Client,Male,34,4/20/1983,gtrussu@cnbc.com
spercyv,Stanislaus Percy,Client,Male,40,02/10/1993,spercyv@angelfire.com
bmerrimanw,Brenna Merriman,Client,Female,22,8/14/1996,bmerrimanw@delicious.com
lwarlowex,Luis Warlowe,Client,Male,31,9/18/1985,lwarlowex@youtu.be
tnorthagey,Tamarah Northage,Client,Female,21,12/21/1978,tnorthagey@sohu.com
afarmerz,Alvina Farmer,Client,Female,24,06/05/1981,afarmerz@eventbrite.com
lelphinstone10,Liesa Elphinstone,Client,Female,5,7/27/1985,lelphinstone10@domainmarket.com
cmordon11,Crysta Mordon,Client,Male,1,4/13/1992,cmordon11@homestead.com
yrawls12,Yorgos Rawls,Client,Male,48,6/25/1994,yrawls12@chron.com
ddelacroux13,Drew Delacroux,Client,Male,31,1/19/1998,ddelacroux13@youtu.be
dbeckham14,Dani Beckham,Client,Male,8,11/04/1987,dbeckham14@exblog.jp
amurkitt15,Aida Murkitt,Client,Female,9,2/17/1987,amurkitt15@answers.com
bchazette16,Bary Chazette,Client,Male,10,3/21/1989,bchazette16@tumblr.com
gkydd17,Georgina Kydd,Client,Male,33,1/19/1990,gkydd17@wordpress.org
vipgrave18,Veronike Ipgrave,Client,Female,3,11/25/1997,vipgrave18@google.com.au
aholstein19,Aurora Holstein,Client,Female,48,1/27/1998,aholstein19@usatoday.com
whinckes1a,Wilie Hinckes,Client,Female,42,9/19/2008,whinckes1a@sun.com
yprangnell1b,Yettie Prangnell,Client,Female,19,10/01/1986,yprangnell1b@ihg.com
fadamec1c,Fredric Adamec,Client,Male,43,12/10/2008,fadamec1c@amazonaws.com
cwahncke1d,Carita Wahncke,Client,Female,24,3/16/1990,cwahncke1d@purevolume.com
mhearson1e,Mariquilla Hearson,Client,Female,30,4/19/1984,mhearson1e@pcworld.com
wlegerton1f,Wilbert Legerton,Client,Male,41,04/02/1995,wlegerton1f@163.com
srisdall1g,Steve Risdall,Client,Male,13,5/16/1998,srisdall1g@un.org
gcanet1h,Gwennie Canet,Client,Female,38,3/23/1997,gcanet1h@prlog.org
ukolakovic1i,Ursula Kolakovic,Client,Female,35,01/01/2004,ukolakovic1i@wikipedia.org
cpeagrim1j,Cherilyn Peagrim,Client,Female,38,1/23/2000,cpeagrim1j@yale.edu
adabels1k,Alexandre Dabels,Client,Male,9,1/15/1992,adabels1k@pagesperso-orange.fr
sleaming1l,Sidonnie Leaming,Client,Female,23,06/01/1996,sleaming1l@hc360.com
lbraksper1m,Lyda Braksper,Client,Female,49,02/10/1993,lbraksper1m@posterous.com
hcroot1n,Horatia Croot,Client,Female,28,10/17/1988,hcroot1n@theatlantic.com
pmccann1o,Paulette McCann,Client,Female,45,03/01/1981,pmccann1o@hugedomains.com
ojaram1p,Orlan Jaram,Client,Male,15,9/29/2002,ojaram1p@nps.gov
foverton1q,Flint Overton,Client,Male,47,6/14/1978,foverton1q@slideshare.net
jmandres1r,Jennine Mandres,Client,Female,33,11/21/2006,jmandres1r@about.com
rfebvre1s,Rockey Febvre,Client,Male,24,12/05/1994,rfebvre1s@ning.com
arudwell1t,Anabal Rudwell,Client,Male,8,10/03/1987,arudwell1t@yale.edu
dbrittle1u,Devlen Brittle,Client,Male,8,07/08/1981,dbrittle1u@aboutads.info
jnoury1v,Jehu Noury,Client,Male,27,5/20/1986,jnoury1v@mac.com
mshedden1w,Michal Shedden,Client,Male,33,01/08/2001,mshedden1w@shutterfly.com
tlasslett1x,Tristam Lasslett,Client,Female,41,12/06/2000,tlasslett1x@blog.com
lgrigson1y,Lana Grigson,Client,Female,47,3/18/2009,lgrigson1y@tumblr.com
skop1z,Shandra Kop,Client,Female,41,04/11/1977,skop1z@admin.ch
bsouthby20,Burl Southby,Client,Male,43,07/07/1986,bsouthby20@businesswire.com
pmarkie21,Peadar Markie,Client,Male,20,8/27/1976,pmarkie21@ucoz.ru
gkolodziej22,Giacobo Kolodziej,Client,Male,7,06/05/1999,gkolodziej22@google.com.au
